resume_id,similarity_score,Vague_Score,reciprocal_score,normalized_vague_score,normalized_similarity_score,risk_score
0,0.2583,3,0,0.25,0.125044237,0.512477882
1,0.2676,0,0,0,0.1360151,0.43199245
2,0.3669,2,0,0.166666667,0.253155597,0.423422202
3,0.307,2,1,0.166666667,0.182493807,0.658753097
4,0.3285,1,0,0.083333333,0.207856553,0.421071723
5,0.3109,1,0,0.083333333,0.187094491,0.431452754
6,0.2885,1,0,0.083333333,0.160670048,0.444664976
7,0.2886,1,1,0.083333333,0.160788015,0.644605992
8,0.2847,11,0,0.916666667,0.15618733,0.696906335
9,0.3797,0,0,0,0.268255279,0.365872361
10,0.3406,5,0,0.416666667,0.222130471,0.513934765
11,0.3724,2,1,0.166666667,0.259643742,0.620178129
12,0.2743,0,0,0,0.143918839,0.428040581
13,0.272,6,0,0.5,0.141205615,0.579397193
14,0.2708,2,0,0.166666667,0.13979002,0.48010499
15,0.4042,11,0,0.916666667,0.297157013,0.626421494
16,0.3908,6,0,0.5,0.281349534,0.509325233
17,0.5681,1,0,0.083333333,0.490503716,0.279748142
18,0.2616,11,0,0.916666667,0.128937124,0.710531438
19,0.4927,6,0,0.5,0.401557155,0.449221422
20,0.3205,8,0,0.666666667,0.198419252,0.600790374
21,0.2688,1,0,0.083333333,0.137430695,0.456284652
22,0.3523,4,0,0.333333333,0.235932523,0.482033738
23,0.3443,3,0,0.25,0.226495222,0.461752389
24,0.3284,1,0,0.083333333,0.207738587,0.421130706
25,0.4249,6,0,0.5,0.321576029,0.489211986
26,0.3277,0,0,0,0.206912823,0.396543589
27,0.3864,2,0,0.166666667,0.276159019,0.411920491
28,0.523,2,0,0.166666667,0.437300932,0.331349534
29,0.2299,4,0,0.333333333,0.091541819,0.55422909
30,0.2208,5,0,0.416666667,0.080806889,0.584596556
31,0.3669,10,0,0.833333333,0.253155597,0.623422201
32,0.4392,0,0,0,0.338445205,0.330777398
33,0.4141,3,0,0.25,0.308835673,0.420582164
34,0.4943,1,0,0.083333333,0.403444615,0.323277692
35,0.2514,3,1,0.25,0.116904565,0.716547717
36,0.4199,4,0,0.333333333,0.315677716,0.442161142
37,0.3227,4,0,0.333333333,0.20101451,0.499492745
38,0.4774,1,1,0.083333333,0.383508317,0.533245841
39,0.4018,0,0,0,0.294325823,0.352837089
40,0.3323,2,0,0.166666667,0.212339271,0.443830365
41,0.3673,2,1,0.166666667,0.253627463,0.623186269
42,0.268,2,0,0.166666667,0.136486965,0.481756518
43,0.1952,1,0,0.083333333,0.050607526,0.499696237
44,0.4593,0,0,0,0.362156423,0.318921788
45,0.5625,3,0,0.25,0.483897605,0.333051198
46,0.4178,7,0,0.583333333,0.313200425,0.518399787
47,0.3057,10,0,0.833333333,0.180960245,0.659519877
48,0.4789,1,0,0.083333333,0.385277811,0.332361094
49,0.2693,7,0,0.583333333,0.138020526,0.605989737
50,0.3501,2,0,0.166666667,0.233337266,0.433331367
51,0.3705,6,0,0.5,0.257402383,0.521298809
52,0.3142,0,0,0,0.190987378,0.404506311
53,0.3787,1,0,0.083333333,0.267075616,0.391462192
54,0.3398,3,0,0.25,0.221186741,0.46440663
55,0.2266,0,0,0,0.087648932,0.456175534
56,0.4198,2,0,0.166666667,0.31555975,0.392220125
57,0.384,3,0,0.25,0.273327828,0.438336086
58,0.3446,1,0,0.083333333,0.226849121,0.411575439
59,0.1963,1,0,0.083333333,0.051905155,0.499047422
60,0.2805,5,0,0.416666667,0.151232747,0.549383627
61,0.3439,2,0,0.166666667,0.226023357,0.436988322
62,0.4129,0,0,0,0.307420078,0.346289961
63,0.5227,8,0,0.666666667,0.436947033,0.481526484
64,0.1807,2,0,0.166666667,0.033502418,0.533248791
65,0.3439,4,0,0.333333333,0.226023357,0.486988321
66,0.5121,7,0,0.583333333,0.424442609,0.462778695
67,0.3141,7,0,0.583333333,0.190869411,0.579565294
68,0.2441,2,0,0.166666667,0.108293028,0.495853486
69,0.4328,3,0,0.25,0.330895364,0.409552318
70,0.3107,4,0,0.333333333,0.186858558,0.506570721
71,0.3456,2,0,0.166666667,0.228028784,0.435985608
72,0.397,2,0,0.166666667,0.288663442,0.405668279
73,0.5133,4,0,0.333333333,0.425858205,0.387070897
74,0.2448,4,0,0.333333333,0.109118792,0.545440604
75,0.2914,1,0,0.083333333,0.16409107,0.442954465
76,0.2962,3,0,0.25,0.169753451,0.490123275
77,0.4015,5,0,0.416666667,0.293971924,0.478014038
78,0.3241,1,0,0.083333333,0.202666038,0.423666981
79,0.3334,0,0,0,0.2136369,0.39318155
80,0.4278,2,0,0.166666667,0.324997051,0.387501475
81,0.322,9,0,0.75,0.200188746,0.624905627
82,0.4937,4,0,0.333333333,0.402736817,0.398631591
83,0.3427,1,1,0.083333333,0.224607762,0.612696119
84,0.3818,4,0,0.333333333,0.27073257,0.464633715
85,1,3,0,0.25,1,0.075
86,0.3307,0,0,0,0.210451811,0.394774095
87,0.3479,7,0,0.583333333,0.230742008,0.559628996
88,0.2678,5,0,0.416666667,0.136251032,0.556874484
89,0.4265,0,0,0,0.323463489,0.338268256
90,0.3814,5,0,0.416666667,0.270260705,0.489869648
91,1,2,0,0.166666667,1,0.05
92,0.4532,1,0,0.083333333,0.354960481,0.347519759
93,0.3357,0,0,0,0.216350124,0.391824938
94,0.3669,2,0,0.166666667,0.253155597,0.423422202
95,0.4156,2,0,0.166666667,0.310605167,0.394697417
96,0.4801,7,0,0.583333333,0.386693406,0.481653297
97,0.2012,0,0,0,0.057685502,0.471157249
98,0.3469,0,0,0,0.229562345,0.385218828
99,0.2466,0,0,0,0.111242185,0.444378908
100,0.5428,9,0,0.75,0.460658252,0.494670874
101,0.5111,2,0,0.166666667,0.423262947,0.338368527
102,0.3056,0,0,0,0.180842279,0.409578861
103,0.3536,3,0,0.25,0.237466085,0.456266958
104,0.3753,5,0,0.416666667,0.263064763,0.493467619
105,0.2414,2,0,0.166666667,0.105107939,0.497446031
106,0.4168,1,0,0.083333333,0.312020762,0.368989619
107,0.2679,1,0,0.083333333,0.136368998,0.456815501
108,0.2467,1,0,0.083333333,0.111360151,0.469319924
109,0.3297,1,0,0.083333333,0.209272148,0.420363926
110,0.6345,6,0,0.5,0.568833314,0.365583343
111,0.2665,3,0,0.25,0.134717471,0.507641265
112,0.2859,0,0,0,0.157602926,0.421198537
113,0.4621,5,0,0.416666667,0.365459479,0.442270261
114,0.4238,1,0,0.083333333,0.3202784,0.3648608
115,0.2889,6,1,0.5,0.161141913,0.769429044
116,0.3194,3,0,0.25,0.197121623,0.476439189
117,0.3612,3,0,0.25,0.246431521,0.45178424
118,0.3162,2,1,0.166666667,0.193346703,0.653326649
119,0.3179,1,0,0.083333333,0.195352129,0.427323935
120,0.3918,1,0,0.083333333,0.282529197,0.383735401
121,0.4679,3,0,0.25,0.372301522,0.388849239
122,0.3021,8,0,0.666666667,0.17671346,0.61164327
123,0.2464,4,0,0.333333333,0.111006252,0.544496874
124,0.4001,0,0,0,0.292320396,0.353839802
125,0.4528,2,1,0.166666667,0.354488616,0.572755692
126,0.3426,4,0,0.333333333,0.224489796,0.487755102
127,0.492,5,0,0.416666667,0.400731391,0.424634305
128,0.302,3,1,0.25,0.176595494,0.686702253
129,0.6784,4,0,0.333333333,0.620620503,0.289689748
130,0.3749,1,0,0.083333333,0.262592898,0.393703551
131,0.438,1,0,0.083333333,0.33702961,0.356485195
132,1,3,0,0.25,1,0.075
133,0.3008,1,0,0.083333333,0.175179899,0.43741005
134,0.3928,1,0,0.083333333,0.283708859,0.38314557
135,0.5287,4,0,0.333333333,0.444025009,0.377987495
136,0.2988,4,0,0.333333333,0.172820573,0.513589713
137,0.2643,0,0,0,0.132122213,0.433938894
138,0.4857,2,1,0.166666667,0.393299516,0.553350242
139,0.2521,2,0,0.166666667,0.117730329,0.491134836
140,0.2899,1,0,0.083333333,0.162321576,0.443839212
141,1,7,0,0.583333333,1,0.175
142,0.2621,3,0,0.25,0.129526955,0.510236523
143,0.2573,2,0,0.166666667,0.123864575,0.488067713
144,0.4978,1,0,0.083333333,0.407573434,0.321213283
145,0.3855,5,0,0.416666667,0.275097322,0.487451339
146,0.3901,2,0,0.166666667,0.28052377,0.409738115
147,0.3959,2,0,0.166666667,0.287365813,0.406317094
148,0.3638,7,0,0.583333333,0.249498643,0.550250678
149,0.3487,11,1,0.916666667,0.231685738,0.859157131
150,0.3122,5,0,0.416666667,0.188628052,0.530685974
151,0.4655,4,0,0.333333333,0.369470331,0.415264834
152,0.3174,1,0,0.083333333,0.194762298,0.427618851
153,0.3927,0,0,0,0.283590893,0.358204554
154,0.3501,0,0,0,0.233337266,0.383331367
155,0.5361,4,0,0.333333333,0.452754512,0.373622744
156,0.2307,0,1,0,0.092485549,0.653757225
157,0.2988,1,0,0.083333333,0.172820573,0.438589713
158,0.3319,3,0,0.25,0.211867406,0.469066297
159,0.2731,1,0,0.083333333,0.142503244,0.453748378
160,0.4081,1,0,0.083333333,0.301757697,0.374121151
161,0.2129,2,0,0.166666667,0.071487555,0.514256223
162,0.2722,2,0,0.166666667,0.141441548,0.479279226
163,0.3632,7,0,0.583333333,0.248790846,0.550604577
164,0.3425,6,1,0.5,0.22437183,0.737814085
165,0.2903,1,0,0.083333333,0.162793441,0.443603279
166,0.346,3,0,0.25,0.228500649,0.460749676
167,0.3585,3,0,0.25,0.243246432,0.453376784
168,0.2793,2,1,0.166666667,0.149817152,0.675091424
169,0.6082,2,0,0.166666667,0.537808187,0.281095907
170,0.4278,1,0,0.083333333,0.324997051,0.362501474
171,0.3727,1,0,0.083333333,0.259997641,0.395001179
172,0.3704,0,0,0,0.257284417,0.371357792
173,0.3499,2,0,0.166666667,0.233101333,0.433449334
174,0.2751,4,0,0.333333333,0.144862569,0.527568715
175,0.3885,3,0,0.25,0.27863631,0.435681845
176,0.5251,4,0,0.333333333,0.439778223,0.380110888
177,0.3503,0,0,0,0.233573198,0.383213401
178,0.3046,6,0,0.5,0.179662616,0.560168692
179,0.3454,0,0,0,0.227792851,0.386103575
180,0.3369,7,0,0.583333333,0.217765719,0.56611714
181,0.2663,1,0,0.083333333,0.134481538,0.457759231
182,0.4171,9,1,0.75,0.312374661,0.768812669
183,0.3741,0,0,0,0.261649168,0.369175416
184,0.605,3,0,0.25,0.534033266,0.307983367
185,0.2045,5,0,0.416666667,0.061578389,0.594210806
186,0.3399,0,0,0,0.221304707,0.389347647
187,0.3383,5,0,0.416666667,0.219417247,0.515291377
188,1,0,0,0,1,0
189,0.2527,6,0,0.5,0.118438127,0.590780937
190,0.2203,6,0,0.5,0.080217058,0.609891471
191,0.3385,7,0,0.583333333,0.219653179,0.56517341
192,0.7565,1,0,0.083333333,0.712752153,0.168623923
193,0.2339,1,0,0.083333333,0.09626047,0.476869765
194,0.405,2,1,0.166666667,0.298100743,0.600949629
195,0.4078,3,0,0.25,0.301403799,0.424298101
196,1,3,0,0.25,1,0.075
197,0.262,1,0,0.083333333,0.129408989,0.460295505
198,0.2429,4,0,0.333333333,0.106877433,0.546561283
199,0.2954,3,0,0.25,0.16880972,0.49059514
200,0.3046,2,0,0.166666667,0.179662616,0.460168692
201,0.2852,4,0,0.333333333,0.156777162,0.521611419
202,0.2753,2,0,0.166666667,0.145098502,0.477450749
203,0.4214,5,0,0.416666667,0.31744721,0.466276395
204,0.3705,2,1,0.166666667,0.257402383,0.621298809
205,0.3782,4,0,0.333333333,0.266485785,0.466757107
206,0.3539,3,1,0.25,0.237819983,0.656090009
207,0.4025,2,0,0.166666667,0.295151587,0.402424207
208,0.2854,4,1,0.333333333,0.157013094,0.721493453
209,0.3497,2,0,0.166666667,0.2328654,0.4335673
210,0.5102,6,0,0.5,0.42220125,0.438899375
211,1,5,0,0.416666667,1,0.125
212,0.3539,0,0,0,0.237819983,0.381090008
213,0.3874,2,0,0.166666667,0.277338681,0.41133066
214,0.4118,3,0,0.25,0.306122449,0.421938776
215,0.3922,3,0,0.25,0.283001062,0.433499469
216,0.2521,2,0,0.166666667,0.117730329,0.491134836
217,0.4697,3,0,0.25,0.374424914,0.387787543
218,0.3083,5,0,0.416666667,0.184027368,0.532986316
219,0.2411,7,0,0.583333333,0.10475404,0.62262298
220,0.463,0,0,0,0.366521175,0.316739413
221,0.396,0,0,0,0.28748378,0.35625811
222,0.282,4,0,0.333333333,0.153002241,0.523498879
223,0.3531,1,1,0.083333333,0.236876253,0.606561873
224,0.5107,7,0,0.583333333,0.422791082,0.463604459
225,0.239,5,0,0.416666667,0.102276749,0.573861626
226,0.1876,0,0,0,0.04164209,0.479178955
227,0.218,3,0,0.25,0.077503834,0.536248083
228,0.2967,0,0,0,0.170343282,0.414828359
229,0.237,6,0,0.5,0.099917424,0.600041288
230,0.4312,1,0,0.083333333,0.329007904,0.360496048
231,1,1,0,0.083333333,1,0.025
232,0.2677,2,0,0.166666667,0.136133066,0.481933467
233,0.3644,1,0,0.083333333,0.250206441,0.399896779
234,0.1964,3,0,0.25,0.052023121,0.54898844
235,0.3488,3,0,0.25,0.231803704,0.459098148
236,0.3725,0,0,0,0.259761708,0.370119146
237,0.611,7,0,0.583333333,0.541111242,0.404444379
238,0.2975,0,0,0,0.171287012,0.414356494
239,0.379,4,0,0.333333333,0.267429515,0.466285242
240,0.1981,2,0,0.166666667,0.054028548,0.522985726
241,0.2753,6,1,0.5,0.145098502,0.777450749
242,0.2682,0,0,0,0.136722897,0.431638551
243,0.2834,2,0,0.166666667,0.154653769,0.472673116
244,0.3304,2,0,0.166666667,0.210097912,0.444951044
245,0.3955,2,0,0.166666667,0.286893948,0.406553026
246,0.3437,8,0,0.666666667,0.225787425,0.587106288
247,0.529,0,0,0,0.444378908,0.277810546
248,0.3194,6,0,0.5,0.197121623,0.551439189
249,0.4724,5,0,0.416666667,0.377610004,0.436194998
250,0.4122,4,0,0.333333333,0.306594314,0.446702843
251,0.4807,0,0,0,0.387401203,0.306299399
252,0.3239,7,0,0.583333333,0.202430105,0.573784947
253,0.389,6,0,0.5,0.279226141,0.51038693
254,0.5583,0,1,0,0.478943022,0.460528489
255,0.3063,0,1,0,0.181668043,0.609165979
256,0.2545,4,0,0.333333333,0.120561519,0.53971924
257,0.3002,0,0,0,0.174472101,0.41276395
258,0.3131,4,0,0.333333333,0.189689749,0.505155125
259,0.3763,6,0,0.5,0.264244426,0.517877787
260,0.3982,1,0,0.083333333,0.290079037,0.379960481
261,0.3752,3,0,0.25,0.262946797,0.443526602
262,0.3035,5,0,0.416666667,0.178364988,0.535817506
263,0.4513,1,0,0.083333333,0.352719122,0.348640439
264,0.3571,4,0,0.333333333,0.241594904,0.479202548
265,0.4021,2,0,0.166666667,0.294679722,0.402660139
266,0.3353,5,0,0.416666667,0.215878259,0.517060871
267,0.2826,5,0,0.416666667,0.153710039,0.548144981
268,0.4655,3,0,0.25,0.369470331,0.390264835
269,0.3679,7,0,0.583333333,0.25433526,0.54783237
270,0.2967,1,0,0.083333333,0.170343282,0.439828359
271,0.4292,4,0,0.333333333,0.326648579,0.43667571
272,0.2948,2,0,0.166666667,0.168101923,0.465949039
273,0.3343,7,0,0.583333333,0.214698596,0.567650702
274,0.2001,4,0,0.333333333,0.056387873,0.571806063
275,0.279,4,0,0.333333333,0.149463254,0.525268373
276,0.2516,0,0,0,0.117140498,0.441429751
277,0.221,1,0,0.083333333,0.081042822,0.484478589
278,1,4,0,0.333333333,1,0.1
279,0.5639,3,1,0.25,0.485549133,0.532225434
280,0.3506,9,0,0.75,0.233927097,0.608036452
281,0.3355,10,0,0.833333333,0.216114191,0.641942904
282,0.2734,1,0,0.083333333,0.142857143,0.453571428
283,0.4224,0,0,0,0.318626873,0.340686564
284,0.214,5,1,0.416666667,0.072785183,0.788607409
285,0.4627,0,0,0,0.366167276,0.316916362
286,0.2417,2,1,0.166666667,0.105461838,0.697269081
287,0.5088,5,0,0.416666667,0.420549723,0.414725139
288,0.2905,3,0,0.25,0.163029374,0.493485313
289,0.3099,0,0,0,0.185914828,0.407042586
290,0.4178,5,0,0.416666667,0.313200425,0.468399788
291,0.2099,3,0,0.25,0.067948567,0.541025717
292,0.3158,3,0,0.25,0.192874838,0.478562581
293,0.4053,1,0,0.083333333,0.298454642,0.375772679
294,0.511,0,0,0,0.423144981,0.28842751
295,0.4286,0,1,0,0.325940781,0.53702961
296,0.4085,2,0,0.166666667,0.302229562,0.398885219
297,0.3086,2,0,0.166666667,0.184381267,0.457809367
298,0.3956,2,0,0.166666667,0.287011915,0.406494043
299,0.1981,3,0,0.25,0.054028548,0.547985726
300,0.3531,3,0,0.25,0.236876253,0.456561874
301,0.3471,6,0,0.5,0.229798278,0.535100861
302,0.3857,2,1,0.166666667,0.275333255,0.612333373
303,0.3098,0,0,0,0.185796862,0.407101569
304,0.3739,5,0,0.416666667,0.261413236,0.494293382
305,0.3481,0,0,0,0.23097794,0.38451103
306,0.2858,1,0,0.083333333,0.157484959,0.44625752
307,0.3372,0,0,0,0.218119618,0.390940191
308,0.2613,0,0,0,0.128583225,0.435708388
309,0.3297,2,0,0.166666667,0.209272148,0.445363926
310,0.436,1,0,0.083333333,0.334670284,0.357664858
311,0.2416,2,0,0.166666667,0.105343872,0.497328064
312,0.4771,2,0,0.166666667,0.383154418,0.358422791
313,0.4818,0,0,0,0.388698832,0.305650584
314,0.6268,5,0,0.416666667,0.559749912,0.345125044
315,0.4557,0,0,0,0.357909638,0.321045181
316,0.508,0,0,0,0.419605993,0.290197004
317,0.4736,6,0,0.5,0.379025599,0.460487201
318,0.366,0,0,0,0.252093901,0.373953049
319,0.3101,4,0,0.333333333,0.186150761,0.506924619
320,0.3878,3,0,0.25,0.277810546,0.436094727
321,0.3708,1,0,0.083333333,0.257756282,0.396121859
322,0.3568,1,1,0.083333333,0.241241005,0.604379497
323,0.2715,3,0,0.25,0.140615784,0.504692108
324,0.3574,6,1,0.5,0.241948803,0.729025599
325,0.4433,4,0,0.333333333,0.343281821,0.428359089
326,0.258,5,1,0.416666667,0.124690339,0.762654831
327,0.4198,2,1,0.166666667,0.31555975,0.592220125
328,0.2355,4,0,0.333333333,0.09814793,0.550926035
329,0.2755,9,0,0.75,0.145334434,0.652332783
330,0.3488,0,0,0,0.231803704,0.384098148
331,0.2642,2,0,0.166666667,0.132004247,0.483997877
332,0.3815,8,0,0.666666667,0.270378672,0.564810664
333,0.1751,1,0,0.083333333,0.026896308,0.511551846
334,0.4155,5,0,0.416666667,0.310487201,0.4697564
335,0.3739,7,0,0.583333333,0.261413236,0.544293382
336,0.3233,7,0,0.583333333,0.201722307,0.574138846
337,0.4476,12,1,1,0.348354371,0.825822815
338,0.2853,2,1,0.166666667,0.156895128,0.671552436
339,0.2643,3,1,0.25,0.132122213,0.708938894
340,0.3607,3,0,0.25,0.245841689,0.452079156
341,0.3927,2,0,0.166666667,0.283590893,0.408204554
342,0.3222,12,0,1,0.200424679,0.699787661
343,0.2177,4,0,0.333333333,0.077149935,0.561425032
344,0.2953,1,0,0.083333333,0.168691754,0.440654123
345,0.4004,3,1,0.25,0.292674295,0.628662853
346,0.3538,9,0,0.75,0.237702017,0.606148992
347,0.4268,0,0,0,0.323817388,0.338091306
348,0.6205,0,0,0,0.552318037,0.223840981
349,0.4169,2,0,0.166666667,0.312138728,0.393930636
350,0.2638,3,0,0.25,0.131532382,0.509233809
351,0.4674,9,0,0.75,0.37171169,0.539144155
352,0.5902,2,0,0.166666667,0.51657426,0.29171287
353,0.3159,2,0,0.166666667,0.192992804,0.453503598
354,0.1989,9,0,0.75,0.054972278,0.697513861
355,0.4687,1,0,0.083333333,0.373245252,0.338377374
356,0.164,1,0,0.083333333,0.013802053,0.518098973
357,0.2139,2,0,0.166666667,0.072667217,0.513666392
358,0.239,7,0,0.583333333,0.102276749,0.623861625
359,0.4232,2,0,0.166666667,0.319570603,0.390214699
360,0.5696,7,0,0.583333333,0.49227321,0.428863395
361,0.2704,6,0,0.5,0.139318155,0.580340923
362,0.3272,3,0,0.25,0.206322992,0.471838504
363,0.3898,2,0,0.166666667,0.280169871,0.409915065
364,0.2632,1,0,0.083333333,0.130824584,0.459587708
365,0.4093,5,0,0.416666667,0.303173292,0.473413354
366,0.2884,1,0,0.083333333,0.160552082,0.444723959
367,0.5323,2,0,0.166666667,0.448271794,0.325864103
368,0.3763,3,0,0.25,0.264244426,0.442877787
369,0.2216,4,0,0.333333333,0.081750619,0.55912469
370,0.2551,1,1,0.083333333,0.121269317,0.664365341
371,0.3242,3,0,0.25,0.202784004,0.473607998
372,0.2821,1,1,0.083333333,0.153120208,0.648439896
373,1,2,0,0.166666667,1,0.05
374,0.3481,3,0,0.25,0.23097794,0.45951103
375,0.2017,2,0,0.166666667,0.058275333,0.520862334
376,0.3804,1,0,0.083333333,0.269081043,0.390459478
377,0.2883,4,0,0.333333333,0.160434116,0.519782942
378,0.3202,3,0,0.25,0.198065353,0.475967324
379,0.2583,6,0,0.5,0.125044237,0.587477882
380,0.5896,3,0,0.25,0.515866462,0.317066769
381,0.3439,1,0,0.083333333,0.226023357,0.411988321
382,0.4808,6,0,0.5,0.38751917,0.456240415
383,0.5345,6,0,0.5,0.450867052,0.424566474
384,0.2905,4,0,0.333333333,0.163029374,0.518485313
385,0.4016,0,0,0,0.29408989,0.352955055
386,0.3181,0,0,0,0.195588062,0.402205969
387,0.4041,1,0,0.083333333,0.297039047,0.376480476
388,0.286,7,0,0.583333333,0.157720892,0.596139554
389,0.2915,2,0,0.166666667,0.164209036,0.467895482
390,0.3787,8,0,0.666666667,0.267075616,0.566462192
391,0.4511,3,0,0.25,0.35248319,0.398758405
392,0.3267,0,0,0,0.20573316,0.39713342
393,0.4045,6,0,0.5,0.297510912,0.501244544
394,0.4032,1,0,0.083333333,0.29597735,0.377011325
395,0.38,3,0,0.25,0.268609178,0.440695411
396,0.3148,4,0,0.333333333,0.191695175,0.504152412
397,0.409,3,1,0.25,0.302819394,0.623590303
398,0.2623,0,0,0,0.129762888,0.435118556
399,0.4172,1,0,0.083333333,0.312492627,0.368753686
400,0.2948,3,0,0.25,0.168101923,0.490949039
401,0.4996,1,0,0.083333333,0.409696827,0.320151586
402,0.2521,5,0,0.416666667,0.117730329,0.566134836
403,0.2573,5,0,0.416666667,0.123864575,0.563067713
404,0.2698,5,0,0.416666667,0.138610357,0.555694822
405,0.4702,4,0,0.333333333,0.375014746,0.412492627
406,0.2162,6,0,0.5,0.075380441,0.61230978
407,0.2538,1,0,0.083333333,0.119735756,0.465132122
408,0.3772,1,0,0.083333333,0.265306122,0.392346939
409,0.3194,3,0,0.25,0.197121623,0.476439189
410,0.3367,4,0,0.333333333,0.217529786,0.491235107
411,0.4945,5,0,0.416666667,0.403680547,0.423159727
412,0.4895,4,0,0.333333333,0.397782234,0.401108883
413,0.3014,2,0,0.166666667,0.175887696,0.462056152
414,0.3077,5,0,0.416666667,0.183319571,0.533340215
415,0.4381,5,0,0.416666667,0.337147576,0.456426212
416,0.3644,2,0,0.166666667,0.250206441,0.42489678
417,0.4484,0,0,0,0.349298101,0.32535095
418,0.3215,2,0,0.166666667,0.199598915,0.450200543
419,0.4462,3,0,0.25,0.346702843,0.401648579
420,0.2835,1,0,0.083333333,0.154771735,0.447614132
421,0.5174,7,0,0.583333333,0.430694821,0.459652589
422,0.3136,4,0,0.333333333,0.19027958,0.50486021
423,0.3028,2,0,0.166666667,0.177539224,0.461230388
424,0.3628,0,0,0,0.248318981,0.37584051
425,0.3314,5,0,0.416666667,0.211277575,0.519361213
426,0.3154,6,0,0.5,0.192402973,0.553798514
427,0.2258,3,0,0.25,0.086705202,0.531647399
428,0.3702,2,0,0.166666667,0.257048484,0.421475758
429,0.4464,3,0,0.25,0.346938776,0.401530612
430,0.2712,4,0,0.333333333,0.140261885,0.529869057
431,0.3559,1,0,0.083333333,0.240179309,0.404910345
432,0.4791,1,0,0.083333333,0.385513743,0.332243128
433,0.4803,1,0,0.083333333,0.386929338,0.331535331
434,0.3204,8,0,0.666666667,0.198301286,0.600849357
435,0.3152,5,0,0.416666667,0.19216704,0.52891648
436,0.2722,9,0,0.75,0.141441548,0.654279226
437,0.3092,2,0,0.166666667,0.185089065,0.457455468
438,0.3959,4,0,0.333333333,0.287365813,0.456317093
439,0.2681,2,0,0.166666667,0.136604931,0.481697535
440,0.4637,1,0,0.083333333,0.367346939,0.34132653
441,0.3524,0,0,0,0.23605049,0.381974755
442,0.3438,5,0,0.416666667,0.225905391,0.512047305
443,0.2489,4,0,0.333333333,0.113955409,0.543022295
444,0.3175,3,0,0.25,0.194880264,0.477559868
445,0.4216,5,0,0.416666667,0.317683143,0.466158429
446,0.1962,4,0,0.333333333,0.051787189,0.574106405
447,0.4095,3,0,0.25,0.303409225,0.423295388
448,0.3548,9,0,0.75,0.23888168,0.60555916
449,0.3577,0,0,0,0.242302701,0.378848649
450,0.3885,0,1,0,0.27863631,0.560681845
451,1,3,0,0.25,1,0.075
452,0.4085,4,0,0.333333333,0.302229562,0.448885219
453,0.4734,0,0,0,0.378789666,0.310605167
454,0.3134,3,0,0.25,0.190043648,0.479978176
455,0.4041,6,0,0.5,0.297039047,0.501480477
456,0.4485,2,0,0.166666667,0.349416067,0.375291967
457,0.3241,4,0,0.333333333,0.202666038,0.498666981
458,0.2547,3,0,0.25,0.120797452,0.514601274
459,0.1683,2,0,0.166666667,0.018874602,0.540562699
460,0.458,3,0,0.25,0.360622862,0.394688569
461,0.325,5,0,0.416666667,0.203727734,0.523136133
462,0.2207,0,0,0,0.080688923,0.459655539
463,0.6216,3,0,0.25,0.553615666,0.298192167
464,0.4103,3,0,0.25,0.304352955,0.422823523
465,0.3848,2,0,0.166666667,0.274271558,0.412864221
466,0.2968,6,0,0.5,0.170461248,0.564769376
467,0.3411,3,1,0.25,0.222720302,0.663639849
468,0.3652,3,0,0.25,0.251150171,0.449424915
469,0.4904,6,1,0.5,0.398843931,0.650578035
470,0.2955,6,0,0.5,0.168927687,0.565536157
471,0.3383,3,0,0.25,0.219417247,0.465291377
472,0.3803,1,0,0.083333333,0.268963077,0.390518461
473,0.2603,0,0,0,0.127403563,0.436298219
474,1,6,0,0.5,1,0.15
475,0.31,7,0,0.583333333,0.186032795,0.581983602
476,0.4691,5,0,0.416666667,0.373717117,0.438141442
477,0.3876,3,0,0.25,0.277574614,0.436212693
478,0.4055,7,0,0.583333333,0.298690574,0.525654713
479,0.228,7,0,0.583333333,0.08930046,0.63034977
480,0.3529,6,0,0.5,0.236640321,0.53167984
481,0.3982,1,0,0.083333333,0.290079037,0.379960481
482,0.261,2,0,0.166666667,0.128229326,0.485885337
483,0.2849,2,0,0.166666667,0.156423263,0.471788369
484,0.3328,2,1,0.166666667,0.212929102,0.643535449
485,0.4247,4,0,0.333333333,0.321340097,0.439329951
486,0.3494,3,0,0.25,0.232511502,0.458744249
487,0.4621,0,0,0,0.365459479,0.317270261
488,0.3562,1,0,0.083333333,0.240533208,0.404733396
489,0.2883,1,0,0.083333333,0.160434116,0.444782942
490,0.4579,2,0,0.166666667,0.360504896,0.369747552
491,0.3636,8,0,0.666666667,0.249262711,0.575368645
492,0.3824,1,0,0.083333333,0.271440368,0.389279816
493,0.3672,7,0,0.583333333,0.253509496,0.548245252
494,0.3702,7,0,0.583333333,0.257048484,0.546475758
495,0.3326,5,1,0.416666667,0.21269317,0.718653415
496,0.1968,0,0,0,0.052494986,0.473752507
497,0.2965,5,0,0.416666667,0.170107349,0.539946326
498,0.2748,5,0,0.416666667,0.144508671,0.552745665
499,0.4577,1,0,0.083333333,0.360268963,0.344865518
500,0.2326,2,0,0.166666667,0.094726908,0.502636546
501,0.4531,4,0,0.333333333,0.354842515,0.422578742
502,0.2155,1,0,0.083333333,0.074554677,0.487722661
503,0.4118,1,0,0.083333333,0.306122449,0.371938775
504,0.6002,1,0,0.083333333,0.528370886,0.260814557
505,0.2587,11,0,0.916666667,0.125516102,0.712241949
506,0.2909,2,0,0.166666667,0.163501239,0.468249381
507,0.2622,3,0,0.25,0.129644922,0.510177539
508,0.2408,8,0,0.666666667,0.104400142,0.647799929
509,0.2818,3,1,0.25,0.152766309,0.698616846
510,0.4844,4,0,0.333333333,0.391765955,0.404117022
511,0.3946,1,0,0.083333333,0.285832252,0.382083874
512,0.3777,0,0,0,0.265895954,0.367052023
513,0.2604,3,0,0.25,0.127521529,0.511239235
514,0.3581,0,0,0,0.242774566,0.378612717
515,0.325,3,0,0.25,0.203727734,0.473136133
516,0.3183,8,0,0.666666667,0.195823994,0.602088003
517,0.39,2,0,0.166666667,0.280405804,0.409797098
518,0.3166,4,0,0.333333333,0.193818568,0.503090716
519,0.362,2,1,0.166666667,0.247375251,0.626312375
520,0.4245,1,0,0.083333333,0.321104164,0.364447918
521,0.3078,1,0,0.083333333,0.183437537,0.433281231
522,0.3489,5,1,0.416666667,0.23192167,0.709039165
523,0.5763,1,0,0.083333333,0.500176949,0.274911525
524,0.438,4,0,0.333333333,0.33702961,0.431485195
525,0.3171,1,0,0.083333333,0.194408399,0.4277958
526,0.2532,2,0,0.166666667,0.119027958,0.490486021
527,0.2783,7,0,0.583333333,0.14863749,0.600681255
528,0.3072,1,0,0.083333333,0.182729739,0.43363513
529,0.2647,3,0,0.25,0.132594078,0.508702961
530,0.1771,1,0,0.083333333,0.029255633,0.510372183
531,0.2814,1,0,0.083333333,0.152294444,0.448852778
532,0.2674,1,0,0.083333333,0.135779167,0.457110416
533,0.7044,2,0,0.166666667,0.651291731,0.224354135
534,0.4798,1,0,0.083333333,0.386339507,0.331830246
535,0.3311,0,0,0,0.210923676,0.394538162
536,0.3171,2,0,0.166666667,0.194408399,0.452795801
537,0.4818,4,0,0.333333333,0.388698832,0.405650584
538,0.3576,6,0,0.5,0.242184735,0.528907633
539,0.2282,1,0,0.083333333,0.089536393,0.480231803
540,0.4772,2,0,0.166666667,0.383272384,0.358363808
541,0.4962,0,0,0,0.405685974,0.297157013
542,0.3231,1,0,0.083333333,0.201486375,0.424256812
543,0.3165,1,0,0.083333333,0.193700602,0.428149699
544,0.3899,7,0,0.583333333,0.280287838,0.534856081
545,0.3827,4,0,0.333333333,0.271794267,0.464102866
546,0.2452,2,0,0.166666667,0.109590657,0.495204672
547,0.2493,4,0,0.333333333,0.114427274,0.542786363
548,0.3782,2,0,0.166666667,0.266485785,0.416757108
549,0.2914,4,0,0.333333333,0.16409107,0.517954465
550,0.3107,7,0,0.583333333,0.186858558,0.581570721
551,0.2971,6,0,0.5,0.170815147,0.564592427
552,0.3623,4,0,0.333333333,0.247729149,0.476135425
553,0.2154,2,1,0.166666667,0.074436711,0.712781645
554,0.5788,6,0,0.5,0.503126106,0.398436947
555,0.4428,3,0,0.25,0.34269199,0.403654005
556,0.4044,1,0,0.083333333,0.297392946,0.376303527
557,0.3212,8,0,0.666666667,0.199245016,0.600377492
558,0.3073,4,0,0.333333333,0.182847706,0.508576147
559,0.4184,8,0,0.666666667,0.313908222,0.543045889
560,0.2678,4,0,0.333333333,0.136251032,0.531874484
561,0.3248,1,0,0.083333333,0.203491801,0.423254099
562,0.3536,0,0,0,0.237466085,0.381266958
563,1,4,0,0.333333333,1,0.1
564,0.3368,5,0,0.416666667,0.217647753,0.516176124
565,0.4518,0,0,0,0.353308954,0.323345523
566,0.3556,9,0,0.75,0.23982541,0.605087295
567,0.3926,4,0,0.333333333,0.283472927,0.458263536
568,0.2345,0,0,0,0.096968267,0.451515867
569,0.3138,1,0,0.083333333,0.190515513,0.429742243
570,0.4089,5,0,0.416666667,0.302701427,0.473649287
571,0.3024,3,1,0.25,0.177067359,0.686466321
572,0.2272,3,0,0.25,0.08835673,0.530821635
573,1,3,0,0.25,1,0.075
574,0.2733,0,0,0,0.142739177,0.428630412
575,0.3646,9,0,0.75,0.250442373,0.599778814
576,0.3281,4,0,0.333333333,0.207384688,0.496307656
577,0.3398,5,0,0.416666667,0.221186741,0.51440663
578,0.3439,0,0,0,0.226023357,0.386988322
579,0.2338,8,1,0.666666667,0.096142503,0.851928749
580,0.3889,1,0,0.083333333,0.279108175,0.385445912
581,0.269,0,0,0,0.137666627,0.431166687
582,0.336,1,0,0.083333333,0.216704023,0.416647988
583,0.3109,5,0,0.416666667,0.187094491,0.531452755
584,0.2975,3,0,0.25,0.171287012,0.489356494
585,0.4138,0,0,0,0.308481774,0.345759113
586,0.4936,2,0,0.166666667,0.402618851,0.348690575
587,0.338,3,0,0.25,0.219063348,0.465468326
588,0.4282,2,0,0.166666667,0.325468916,0.387265542
589,0.3278,3,0,0.25,0.207030789,0.471484606
590,0.3564,10,0,0.833333333,0.24076914,0.62961543
591,0.3108,2,0,0.166666667,0.186976525,0.456511738
592,0.4105,2,0,0.166666667,0.304588888,0.397705556
593,0.4862,1,1,0.083333333,0.393889348,0.528055326
594,0.4138,0,0,0,0.308481774,0.345759113
595,0.4727,4,0,0.333333333,0.377963902,0.411018049
596,0.3859,7,1,0.583333333,0.275569187,0.737215406
597,0.3807,4,0,0.333333333,0.269434942,0.465282529
598,0.3502,1,0,0.083333333,0.233455232,0.408272384
599,0.2456,0,1,0,0.110062522,0.644968739
600,0.1716,8,0,0.666666667,0.022767488,0.688616256
601,0.2449,1,0,0.083333333,0.109236758,0.470381621
602,0.3315,3,0,0.25,0.211395541,0.46930223
603,1,0,0,0,1,0
604,0.3871,1,0,0.083333333,0.276984782,0.386507609
605,0.4589,0,0,0,0.361684558,0.319157721
606,0.2491,2,0,0.166666667,0.114191341,0.49290433
607,0.2118,6,0,0.5,0.070189926,0.614905037
608,0.2191,4,0,0.333333333,0.078801463,0.560599268
609,0.3821,3,0,0.25,0.271086469,0.439456766
610,0.3839,0,1,0,0.273209862,0.563395069
611,0.2785,6,0,0.5,0.148873422,0.575563289
612,0.4127,0,1,0,0.307184145,0.546407928
613,0.3279,2,0,0.166666667,0.207148755,0.446425623
614,0.3192,5,0,0.416666667,0.196885691,0.526557155
615,0.4852,0,0,0,0.392709685,0.303645158
616,0.3127,2,0,0.166666667,0.189217884,0.455391058
617,0.3826,5,0,0.416666667,0.271676301,0.48916185
618,0.2594,6,0,0.5,0.126341866,0.586829067
619,0.3961,1,0,0.083333333,0.287601746,0.381199127
620,0.3733,1,0,0.083333333,0.260705438,0.394647281
621,0.3948,1,0,0.083333333,0.286068184,0.381965908
622,0.3607,7,0,0.583333333,0.245841689,0.552079155
623,0.3906,3,0,0.25,0.281113602,0.434443199
624,0.3874,1,0,0.083333333,0.277338681,0.386330659
625,0.2843,2,1,0.166666667,0.155715465,0.672142268
626,0.2814,7,0,0.583333333,0.152294444,0.598852778
627,0.3413,4,0,0.333333333,0.222956235,0.488521882
628,0.274,4,0,0.333333333,0.14356494,0.52821753
629,0.2756,5,0,0.416666667,0.145452401,0.5522738
630,1,2,0,0.166666667,1,0.05
631,0.3192,4,0,0.333333333,0.196885691,0.501557154
632,0.2871,2,0,0.166666667,0.159018521,0.47049074
633,0.4701,0,0,0,0.37489678,0.31255161
634,0.331,0,0,0,0.21080571,0.394597145
635,0.3441,0,0,0,0.22625929,0.386870355
636,0.2657,0,0,0,0.133773741,0.43311313
637,0.4628,4,0,0.333333333,0.366285242,0.416857379
638,0.3958,3,1,0.25,0.287247847,0.631376077
639,1,1,0,0.083333333,1,0.025
640,0.2868,7,0,0.583333333,0.158664622,0.595667689
641,0.3946,7,0,0.583333333,0.285832252,0.532083874
642,0.5391,2,1,0.166666667,0.4562935,0.52185325
643,0.3052,5,0,0.416666667,0.180370414,0.534814793
644,0.3524,4,0,0.333333333,0.23605049,0.481974755
645,0.3175,3,0,0.25,0.194880264,0.477559868
646,0.3014,4,0,0.333333333,0.175887696,0.512056152
647,1,1,0,0.083333333,1,0.025
648,0.2824,3,0,0.25,0.153474106,0.498262947
649,0.3914,2,1,0.166666667,0.282057332,0.608971334
650,0.2223,1,0,0.083333333,0.082576383,0.483711808
651,0.2169,4,0,0.333333333,0.076206205,0.561896897
652,0.2554,6,0,0.5,0.121623216,0.589188392
653,0.3554,2,0,0.166666667,0.239589477,0.430205262
654,0.2856,11,0,0.916666667,0.157249027,0.696375487
655,0.3268,1,0,0.083333333,0.205851127,0.422074436
656,0.2537,1,0,0.083333333,0.119617789,0.465191105
657,0.4079,6,0,0.5,0.301521765,0.499239118
658,0.2475,4,0,0.333333333,0.112303881,0.543848059
659,0.2346,3,0,0.25,0.097086233,0.526456884
660,0.3801,2,0,0.166666667,0.268727144,0.415636428
661,0.3337,2,1,0.166666667,0.213990799,0.643004601
662,0.2554,4,0,0.333333333,0.121623216,0.539188392
663,0.2542,3,1,0.25,0.120207621,0.714896189
664,0.35,3,0,0.25,0.233219299,0.458390351
665,0.4691,0,0,0,0.373717117,0.313141442
666,0.3665,2,0,0.166666667,0.252683732,0.423658134
667,0.3434,2,0,0.166666667,0.225433526,0.437283237
668,0.1646,0,0,0,0.01450985,0.492745075
669,0.3065,0,0,0,0.181903975,0.409048013
670,0.3799,2,0,0.166666667,0.268491212,0.415754394
671,0.3512,3,0,0.25,0.234634894,0.457682553
672,0.6989,0,0,0,0.644803586,0.177598207
673,0.278,4,0,0.333333333,0.148283591,0.525858204
674,0.3766,1,0,0.083333333,0.264598325,0.392700837
675,0.3053,3,0,0.25,0.18048838,0.48475581
676,0.2677,1,0,0.083333333,0.136133066,0.456933467
677,1,1,0,0.083333333,1,0.025
678,0.313,1,0,0.083333333,0.189571782,0.430214109
679,0.3246,3,0,0.25,0.203255869,0.473372066
680,0.5665,3,0,0.25,0.488616256,0.330691872
681,0.3749,0,0,0,0.262592898,0.368703551
682,0.2465,4,0,0.333333333,0.111124218,0.544437891
683,0.3666,4,0,0.333333333,0.252801699,0.47359915
684,0.4636,4,0,0.333333333,0.367228973,0.416385513
685,0.2699,2,0,0.166666667,0.138728324,0.480635838
686,0.3089,2,0,0.166666667,0.184735166,0.457632417
687,0.3759,0,0,0,0.263772561,0.36811372
688,0.1747,2,0,0.166666667,0.026424443,0.536787779
689,0.3733,3,0,0.25,0.260705438,0.444647281
690,0.2556,1,0,0.083333333,0.121859148,0.464070426
691,0.2088,4,0,0.333333333,0.066650938,0.566674531
692,0.2702,3,0,0.25,0.139082222,0.505458889
693,0.4628,2,1,0.166666667,0.366285242,0.566857379
694,0.1873,6,0,0.5,0.041288192,0.629355904
695,0.2747,6,0,0.5,0.144390704,0.577804648
696,0.3123,7,0,0.583333333,0.188746019,0.58062699
697,0.3512,4,0,0.333333333,0.234634894,0.482682553
698,1,0,0,0,1,0
699,1,2,0,0.166666667,1,0.05
700,0.2423,2,0,0.166666667,0.106169635,0.496915183
701,0.2543,1,0,0.083333333,0.120325587,0.464837206
702,0.4284,2,0,0.166666667,0.325704848,0.387147576
703,0.2525,6,0,0.5,0.118202194,0.590898903
704,0.3088,1,1,0.083333333,0.184617199,0.6326914
705,0.2921,0,0,0,0.164916834,0.417541583
706,0.4086,0,1,0,0.302347529,0.548826236
707,0.4251,0,0,0,0.321811962,0.339094019
708,0.3348,0,0,0,0.215288428,0.392355786
709,0.4455,0,0,0,0.345877079,0.327061461
710,0.2835,9,0,0.75,0.154771735,0.647614133
711,0.4117,7,0,0.583333333,0.306004483,0.521997758
712,0.214,5,0,0.416666667,0.072785183,0.588607409
713,1,1,0,0.083333333,1,0.025
714,0.3596,6,0,0.5,0.24454406,0.52772797
715,0.336,2,0,0.166666667,0.216704023,0.441647989
716,0.3739,4,0,0.333333333,0.261413236,0.469293382
717,0.5726,6,0,0.5,0.495812198,0.402093901
718,0.4894,4,0,0.333333333,0.397664268,0.401167866
719,0.4184,7,0,0.583333333,0.313908222,0.518045889
720,0.3061,5,0,0.416666667,0.18143211,0.534283945
721,0.6561,4,0,0.333333333,0.594314026,0.302842987
722,0.3317,3,0,0.25,0.211631473,0.469184264
723,0.313,2,0,0.166666667,0.189571782,0.455214109
724,0.4028,0,0,0,0.295505485,0.352247257
725,0.2498,1,0,0.083333333,0.115017105,0.467491447
726,0.3539,1,0,0.083333333,0.237819983,0.406090008
727,0.381,6,0,0.5,0.26978884,0.51510558
728,0.293,1,0,0.083333333,0.16597853,0.442010735
729,0.352,5,0,0.416666667,0.235578625,0.507210688
730,0.3324,2,0,0.166666667,0.212457237,0.443771382
731,0.3494,5,0,0.416666667,0.232511502,0.508744249
732,0.2854,2,0,0.166666667,0.157013094,0.471493453
733,0.4055,1,0,0.083333333,0.298690574,0.375654713
734,0.4321,3,0,0.25,0.3300696,0.4099652
735,0.2941,2,1,0.166666667,0.167276159,0.666361921
736,0.3899,1,0,0.083333333,0.280287838,0.384856081
737,0.3668,2,0,0.166666667,0.253037631,0.423481185
738,0.3665,1,0,0.083333333,0.252683732,0.398658134
739,0.3695,10,0,0.833333333,0.25622272,0.62188864
740,0.3219,7,0,0.583333333,0.20007078,0.57496461
741,0.2522,0,0,0,0.117848295,0.441075853
742,0.2505,4,0,0.333333333,0.115842869,0.542078565
743,0.2786,2,0,0.166666667,0.148991388,0.475504306
744,0.3339,5,0,0.416666667,0.214226731,0.517886635
745,0.1696,7,1,0.583333333,0.020408163,0.864795918
746,0.4429,9,0,0.75,0.342809956,0.553595022
747,0.2944,2,0,0.166666667,0.167630058,0.466184971
748,0.2994,1,0,0.083333333,0.173528371,0.438235814
749,0.3156,4,0,0.333333333,0.192638905,0.503680547
750,0.3781,5,0,0.416666667,0.266367819,0.491816091
751,0.1523,5,0,0.416666667,0,0.625
752,0.2719,0,0,0,0.141087649,0.429456176
753,0.3853,1,0,0.083333333,0.27486139,0.387569305
754,0.4036,0,0,0,0.296449216,0.351775392
755,0.4125,1,0,0.083333333,0.306948213,0.371525893
756,0.379,4,1,0.333333333,0.267429515,0.666285242
757,1,4,0,0.333333333,1,0.1
758,0.3335,5,0,0.416666667,0.213754866,0.518122567
759,0.2994,1,0,0.083333333,0.173528371,0.438235814
760,0.2807,2,0,0.166666667,0.15146868,0.47426566
761,0.3033,8,0,0.666666667,0.178129055,0.610935473
762,0.7023,0,0,0,0.648814439,0.175592781
763,0.2759,3,0,0.25,0.145806299,0.502096851
764,0.2896,0,0,0,0.161967677,0.419016162
765,0.3244,3,0,0.25,0.203019936,0.473490032
766,0.3717,2,0,0.166666667,0.258817978,0.420591011
767,0.2937,7,1,0.583333333,0.166804294,0.791597853
768,0.4395,0,0,0,0.338799103,0.330600449
769,0.2718,3,0,0.25,0.140969683,0.504515159
770,0.3574,5,0,0.416666667,0.241948803,0.504025599
771,0.4789,0,0,0,0.385277811,0.307361095
772,0.2396,0,0,0,0.102984546,0.448507727
773,0.3611,4,0,0.333333333,0.246313554,0.476843223
774,0.3753,3,0,0.25,0.263064763,0.443467619
775,0.3538,6,0,0.5,0.237702017,0.531148992
776,0.3053,8,0,0.666666667,0.18048838,0.60975581
777,0.3898,6,0,0.5,0.280169871,0.509915065
778,1,5,0,0.416666667,1,0.125
779,0.3057,3,0,0.25,0.180960245,0.484519878
780,0.3771,6,0,0.5,0.265188156,0.517405922
781,0.3734,1,0,0.083333333,0.260823405,0.394588297
782,0.2348,4,0,0.333333333,0.097322166,0.551338917
783,0.3349,5,0,0.416666667,0.215406394,0.517296803
784,0.2287,1,1,0.083333333,0.090126224,0.679936888
785,0.2794,2,0,0.166666667,0.149935119,0.475032441
786,0.3317,6,0,0.5,0.211631473,0.544184264
787,1,2,0,0.166666667,1,0.05
788,0.2925,0,0,0,0.165388699,0.417305651
789,0.449,1,0,0.083333333,0.350005898,0.349997051
790,0.3363,0,0,0,0.217057921,0.39147104
791,0.4145,1,0,0.083333333,0.309307538,0.370346231
792,0.3626,9,0,0.75,0.248083048,0.600958476
793,0.2641,9,0,0.75,0.131886281,0.659056859
794,0.2795,0,0,0,0.150053085,0.424973458
795,0.3574,0,0,0,0.241948803,0.379025599
796,0.2374,2,0,0.166666667,0.100389289,0.499805356
797,0.3225,6,0,0.5,0.200778577,0.549610712
798,0.273,1,0,0.083333333,0.142385278,0.453807361
799,0.2389,1,0,0.083333333,0.102158783,0.473920608
800,0.3823,2,0,0.166666667,0.271322402,0.414338799
801,0.3175,1,0,0.083333333,0.194880264,0.427559868
802,0.3309,1,0,0.083333333,0.210687743,0.419656128
803,0.3955,3,0,0.25,0.286893948,0.431553026
804,0.3675,5,0,0.416666667,0.253863395,0.498068303
805,1,2,0,0.166666667,1,0.05
806,0.3819,8,0,0.666666667,0.270850537,0.564574732
807,0.4061,5,1,0.416666667,0.299398372,0.675300814
808,0.6143,6,0,0.5,0.545004129,0.377497936
809,0.3598,7,0,0.583333333,0.244779993,0.552610003
810,0.4781,9,0,0.75,0.38433408,0.53283296
811,0.413,2,0,0.166666667,0.307538044,0.396230978
812,0.4674,6,0,0.5,0.37171169,0.464144155
813,0.291,4,1,0.333333333,0.163619205,0.718190397
814,0.3611,9,0,0.75,0.246313554,0.601843223
815,0.2626,3,0,0.25,0.130116787,0.509941607
816,0.2675,2,0,0.166666667,0.135897133,0.482051434
817,0.4293,6,0,0.5,0.326766545,0.486616727
818,0.2928,0,0,0,0.165742598,0.417128701
819,0.3669,3,0,0.25,0.253155597,0.448422202
820,0.2589,0,0,0,0.125752035,0.437123983
821,0.2207,3,0,0.25,0.080688923,0.534655539
822,0.2997,2,0,0.166666667,0.17388227,0.463058865
823,0.5519,4,0,0.333333333,0.471393182,0.364303409
824,0.4987,5,0,0.416666667,0.40863513,0.420682435
825,0.5026,3,0,0.25,0.413235815,0.368382093
826,0.4151,0,0,0,0.310015336,0.344992332
827,0.3724,1,0,0.083333333,0.259643742,0.395178129
828,0.2495,2,0,0.166666667,0.114663206,0.492668397
829,0.4266,2,0,0.166666667,0.323581456,0.388209272
830,0.3292,4,0,0.333333333,0.208682317,0.495658841
831,0.2151,7,0,0.583333333,0.074082812,0.637958594
832,0.4353,2,0,0.166666667,0.33384452,0.38307774
833,0.2098,8,0,0.666666667,0.0678306,0.6660847
834,0.2618,3,0,0.25,0.129173057,0.510413471
835,0.3963,5,0,0.416666667,0.287837678,0.481081161
836,0.3309,1,0,0.083333333,0.210687743,0.419656128
837,0.4833,0,0,0,0.390468326,0.304765837
838,0.2132,1,0,0.083333333,0.071841453,0.489079273
839,0.3338,2,0,0.166666667,0.214108765,0.442945618
840,1,4,0,0.333333333,1,0.1
841,0.3661,5,0,0.416666667,0.252211867,0.498894067
842,0.5103,0,0,0,0.422319217,0.288840391
843,0.32,5,0,0.416666667,0.197829421,0.52608529
844,0.348,2,0,0.166666667,0.230859974,0.434570013
845,0.3098,9,0,0.75,0.185796862,0.632101569
846,0.5143,2,0,0.166666667,0.427037867,0.336481067
847,0.3031,2,1,0.166666667,0.177893123,0.661053439
848,0.3497,1,0,0.083333333,0.2328654,0.4085673
849,0.2563,3,0,0.25,0.122684912,0.513657544
850,0.3277,7,0,0.583333333,0.206912823,0.571543588
851,0.3315,7,1,0.583333333,0.211395541,0.769302229
852,0.3483,1,0,0.083333333,0.231213873,0.409393063
853,0.5093,4,0,0.333333333,0.421139554,0.389430223
854,0.3498,4,0,0.333333333,0.232983367,0.483508316
855,0.4921,4,0,0.333333333,0.400849357,0.399575321
856,0.4715,4,0,0.333333333,0.376548307,0.411725846
857,0.3444,8,0,0.666666667,0.226613189,0.586693406
858,0.3283,3,0,0.25,0.207620621,0.47118969
859,0.367,0,0,0,0.253273564,0.373363218
860,0.5378,4,0,0.333333333,0.454759939,0.37262003
861,0.4503,1,0,0.083333333,0.35153946,0.34923027
862,0.2173,5,0,0.416666667,0.07667807,0.586660965
863,0.2515,4,0,0.333333333,0.117022532,0.541488734
864,0.3162,7,0,0.583333333,0.193346703,0.578326648
865,0.2974,2,0,0.166666667,0.171169046,0.464415477
866,1,2,0,0.166666667,1,0.05
867,0.4129,5,1,0.416666667,0.307420078,0.671289961
868,1,1,0,0.083333333,1,0.025
869,1,4,0,0.333333333,1,0.1
870,0.374,1,0,0.083333333,0.261531202,0.394234399
871,1,4,0,0.333333333,1,0.1
872,0.4195,3,0,0.25,0.315205851,0.417397075
873,0.3065,1,0,0.083333333,0.181903975,0.434048012
874,0.2959,1,0,0.083333333,0.169399552,0.440300224
875,0.2445,3,0,0.25,0.108764893,0.520617553
876,1,4,0,0.333333333,1,0.1
877,0.4517,3,0,0.25,0.353190987,0.398404507
878,0.4705,1,0,0.083333333,0.375368645,0.337315677
879,0.3586,1,0,0.083333333,0.243364398,0.403317801
880,0.3913,3,0,0.25,0.281939365,0.434030318
881,0.3683,3,0,0.25,0.254807125,0.447596438
882,0.3067,9,0,0.75,0.182139908,0.633930046
883,0.3062,3,1,0.25,0.181550077,0.684224962
884,0.6966,0,0,0,0.642090362,0.178954819
885,0.557,2,0,0.166666667,0.477409461,0.31129527
886,0.542,4,0,0.333333333,0.459714522,0.370142739
887,0.2431,0,0,0,0.107113366,0.446443317
888,0.403,10,0,0.833333333,0.295741418,0.602129291
889,0.2933,3,1,0.25,0.166332429,0.691833786
890,0.385,0,0,0,0.274507491,0.362746255
891,0.2526,3,0,0.25,0.11832016,0.51583992
892,0.3813,4,0,0.333333333,0.270142739,0.46492863
893,0.2631,6,0,0.5,0.130706618,0.584646691
894,0.276,0,0,0,0.145924266,0.427037867
895,0.3532,2,0,0.166666667,0.23699422,0.43150289
896,0.2675,1,0,0.083333333,0.135897133,0.457051433
897,0.2787,2,0,0.166666667,0.149109355,0.475445323
898,0.2329,5,0,0.416666667,0.095080807,0.577459597
899,0.3078,0,0,0,0.183437537,0.408281232
900,0.3353,1,0,0.083333333,0.215878259,0.41706087
901,0.4245,5,0,0.416666667,0.321104164,0.464447918
902,0.4579,5,0,0.416666667,0.360504896,0.444747552
903,0.2604,3,0,0.25,0.127521529,0.511239235
904,0.315,2,0,0.166666667,0.191931108,0.454034446
905,0.365,3,1,0.25,0.250914239,0.649542881
906,0.4068,6,0,0.5,0.300224136,0.499887932
907,0.3447,2,0,0.166666667,0.226967087,0.436516457
908,0.4992,4,0,0.333333333,0.409224962,0.395387519
909,0.3763,9,1,0.75,0.264244426,0.792877787
910,1,2,0,0.166666667,1,0.05
911,0.3958,0,1,0,0.287247847,0.556376077
912,0.3754,3,0,0.25,0.26318273,0.443408635
913,0.3943,0,0,0,0.285478353,0.357260824
914,0.2484,5,0,0.416666667,0.113365577,0.568317212
915,0.4119,4,0,0.333333333,0.306240415,0.446879792
916,0.2573,0,0,0,0.123864575,0.438067713
917,0.3381,0,0,0,0.219181314,0.390409343
918,0.4284,2,0,0.166666667,0.325704848,0.387147576
919,0.5555,0,0,0,0.475639967,0.262180017
920,0.2884,1,0,0.083333333,0.160552082,0.444723959
921,1,2,0,0.166666667,1,0.05
922,0.6328,2,0,0.166666667,0.566827887,0.266586057
923,0.4963,4,0,0.333333333,0.40580394,0.39709803
924,0.4264,3,0,0.25,0.323345523,0.413327239
925,0.3931,1,0,0.083333333,0.284062758,0.382968621
926,0.2644,3,0,0.25,0.132240179,0.50887991
927,0.2945,4,0,0.333333333,0.167748024,0.516125988
928,0.3058,1,0,0.083333333,0.181078212,0.434460894
929,0.31,2,0,0.166666667,0.186032795,0.456983603
930,0.3153,8,0,0.666666667,0.192285006,0.603857497
931,0.4298,3,0,0.25,0.327356376,0.411321812
932,0.2636,1,0,0.083333333,0.131296449,0.459351775
933,0.3787,7,0,0.583333333,0.267075616,0.541462192
934,0.2719,2,0,0.166666667,0.141087649,0.479456176
935,0.2846,0,1,0,0.156069364,0.621965318
936,0.4052,4,0,0.333333333,0.298336676,0.450831662
937,0.2595,4,0,0.333333333,0.126459832,0.536770084
938,0.2812,4,0,0.333333333,0.152058511,0.523970744
939,0.4879,1,0,0.083333333,0.395894774,0.327052613
940,0.2163,6,0,0.5,0.075498407,0.612250797
941,0.3305,1,0,0.083333333,0.210215878,0.419892061
942,0.5185,2,0,0.166666667,0.43199245,0.334003775
943,0.2478,7,0,0.583333333,0.11265778,0.61867111
944,1,2,0,0.166666667,1,0.05
945,0.3311,1,0,0.083333333,0.210923676,0.419538162
946,0.4487,8,0,0.666666667,0.349652,0.525174
947,0.3132,3,0,0.25,0.189807715,0.480096143
948,0.4182,3,1,0.25,0.31367229,0.618163855
949,0.3484,3,0,0.25,0.231331839,0.459334081
950,0.2679,2,0,0.166666667,0.136368998,0.481815501
951,0.3245,2,0,0.166666667,0.203137903,0.448431049
952,0.2484,5,0,0.416666667,0.113365577,0.568317212
953,0.3539,3,0,0.25,0.237819983,0.456090009
954,0.3966,2,0,0.166666667,0.288191577,0.405904212
955,0.2194,1,0,0.083333333,0.079155362,0.485422319
956,0.3593,0,0,0,0.244190162,0.377904919
957,0.2851,4,0,0.333333333,0.156659195,0.521670402
958,0.1836,8,0,0.666666667,0.03692344,0.68153828
959,0.303,7,0,0.583333333,0.177775156,0.586112422
960,0.3584,2,0,0.166666667,0.243128465,0.428435768
961,0.2618,8,1,0.666666667,0.129173057,0.835413472
962,0.2306,5,0,0.416666667,0.092367583,0.578816209
963,0.1557,6,0,0.5,0.004010853,0.647994574
964,0.3859,7,0,0.583333333,0.275569187,0.537215406
965,0.3496,10,0,0.833333333,0.232747434,0.633626283
966,0.5713,3,0,0.25,0.494278636,0.327860682
967,0.4229,2,0,0.166666667,0.319216704,0.390391648
968,0.2314,9,0,0.75,0.093311313,0.678344344
969,0.3006,4,0,0.333333333,0.174943966,0.512528017
970,0.2312,3,1,0.25,0.09307538,0.72846231
971,0.383,3,0,0.25,0.272148166,0.438925917
972,0.5227,1,0,0.083333333,0.436947033,0.306526483
973,0.5295,2,1,0.166666667,0.444968739,0.527515631
974,1,4,0,0.333333333,1,0.1
975,0.3404,5,0,0.416666667,0.221894538,0.514052731
976,0.2212,2,0,0.166666667,0.081278754,0.509360623
977,0.4038,5,0,0.416666667,0.296685148,0.476657426
978,0.3005,1,0,0.083333333,0.174826,0.437587
979,0.3619,0,0,0,0.247257284,0.376371358
980,0.2202,1,0,0.083333333,0.080099092,0.484950454
981,0.2486,3,0,0.25,0.11360151,0.518199245
982,0.1921,6,0,0.5,0.046950572,0.626524714
983,0.3788,3,0,0.25,0.267193583,0.441403209
984,0.7195,3,0,0.25,0.669104636,0.240447682
985,0.2661,0,0,0,0.134245606,0.432877197
986,0.5945,5,0,0.416666667,0.521646809,0.364176596
987,0.6332,4,0,0.333333333,0.567299752,0.316350124
988,0.4633,3,0,0.25,0.366875074,0.391562463
989,0.2576,2,0,0.166666667,0.124218474,0.487890763
990,0.2137,8,1,0.666666667,0.072431285,0.863784358
991,0.3796,0,0,0,0.268137313,0.365931344
992,0.2315,5,0,0.416666667,0.093429279,0.578285361
993,0.3619,4,0,0.333333333,0.247257284,0.476371358
994,0.2754,3,0,0.25,0.145216468,0.502391766
995,0.2818,4,1,0.333333333,0.152766309,0.723616845
996,0.3529,4,0,0.333333333,0.236640321,0.481679839
997,0.4844,4,0,0.333333333,0.391765955,0.404117022
998,0.1629,0,0,0,0.012504424,0.493747788
999,0.3032,1,0,0.083333333,0.178011089,0.435994455
